Workbook

Sheet Riunione
A2: Appunti riunione 04/10/2023
A4: Scenario HAZUS (come upper bound)
A6: Scenario dati privati: dati provenienti da studio su sinistri assicurativi
A8: Downtime: giorni che servono per riparare ad es un macchinario. Siccome la produzione comunque può andare avanti (es. il danno è stato del 5% (=loss ratio 0,05) dei macchinari, il restante si può utilizzare), bisogna moltiplicare i giorni di downtime per la reduction of gross profit (rev-var.costs)

Sheet IND_HV
A1: ERA_ID | B1: IND_HV
A2: Descrizione Categoria | B2: "Industria pesante"
A5: Downtime days
A6: Loss Ratio (<of) | B6: Buildings | C6: Machinery | D6: Inventory | E6: Other
A7: 0.05 | B7: 47.8 | C7: 58.34 | D7: 5 | E7: 5
A8: 0.1 | B8: 60.3 | C8: 97.1 | D8: 5 | E8: 5
A9: 0.25 | B9: 92.1 | C9: 154.9 | D9: 12.2 | E9: 10.6
A10: 0.5 | B10: 202.4 | C10: 286.1 | D10: 36.7 | E10: 16.5
A11: 1 | B11: 280 | C11: 364.5 | D11: 61.3 | E11: 22.6
A13: Reduction of GP
A14: Loss Ratio (<of) | B14: Buildings | C14: Machinery | D14: Inventory | E14: Other
A15: 0.05 | B15: 0.19 | C15: 0.28 | D15: 0.02 | E15: 0.02
A16: 0.1 | B16: 0.25 | C16: 0.31 | D16: 0.02 | E16: 0.02
A17: 0.25 | B17: 0.27 | C17: 0.61 | D17: 0.07 | E17: 0.04
A18: 0.5 | B18: 0.38 | C18: 0.83 | D18: 0.18 | E18: 0.13
A19: 1 | B19: 0.42 | C19: 0.88 | D19: 0.2 | E19: 0.14
A24: 0.05 | B24: =B7*B15/365 -> 0.024882192 | C24: =C7*C15/365 -> 0.044753973 | D24: =D7*D15/365 -> 0.0002739726 | E24: =E7*E15/365 -> 0.0002739726 | F24: =B24+C24+D24 -> 0.069910137
A25: 0.1 | B25: =B8*B16/365 -> 0.04130137 | C25: =C8*C16/365 -> 0.082468493 | D25: =D8*D16/365 -> 0.0002739726 | E25: =E8*E16/365 -> 0.0002739726 | F25: =B25+C25+D25 -> 0.12404384
A26: 0.25 | B26: =B9*B17/365 -> 0.068128767 | C26: =C9*C17/365 -> 0.25887397 | D26: =D9*D17/365 -> 0.002339726 | E26: =E9*E17/365 -> 0.0011616438 | F26: =B26+C26+D26 -> 0.32934247
A27: 0.5 | B27: =B10*B18/365 -> 0.21071781 | C27: =C10*C18/365 -> 0.65058356 | D27: =D10*D18/365 -> 0.01809863 | E27: =E10*E18/365 -> 0.0058767123 | F27: =B27+C27+D27 -> 0.8794
A28: 1 | B28: =B11*B19/365 -> 0.32219178 | C28: =C11*C19/365 -> 0.87879452 | D28: =D11*D19/365 -> 0.033589041 | E28: =E11*E19/365 -> 0.0086684932 | F28: =B28+C28+D28 -> 1.2345753

Sheet IND_LG
A1: ERA_ID | B1: IND_LG
A2: Descrizione Categoria | B2: "Industria leggera"
A5: Downtime days
A6: Loss Ratio (<of) | B6: Buildings | C6: Machinery | D6: Inventory | E6: Other
A7: 0.05 | B7: 49.7 | C7: 39.9 | D7: 5 | E7: 5
A8: 0.1 | B8: 63.5 | C8: 74.8 | D8: 10.4 | E8: 11.9
A9: 0.25 | B9: 88.2 | C9: 86.2 | D9: 15.5 | E9: 16.8
A10: 0.5 | B10: 220.7 | C10: 162.4 | D10: 51.5 | E10: 27.9
A11: 1 | B11: 307.5 | C11: 303.1 | D11: 91.5 | E11: 36.1
A13: Reduction of GP
A14: Loss Ratio (<of) | B14: Buildings | C14: Machinery | D14: Inventory | E14: Other
A15: 0.05 | B15: 0.188 | C15: 0.267 | D15: 0.02 | E15: 0.02
A16: 0.1 | B16: 0.2255 | C16: 0.383 | D16: 0.15 | E16: 0.02
A17: 0.25 | B17: 0.35 | C17: 0.553 | D17: 0.18 | E17: 0.04
A18: 0.5 | B18: 0.41 | C18: 0.749 | D18: 0.212 | E18: 0.13
A19: 1 | B19: 0.47 | C19: 0.793 | D19: 0.238 | E19: 0.14
A24: 0.05 | B24: =B7*B15/365 -> 0.025598904 | C24: =C7*C15/365 -> 0.029187123 | D24: =D7*D15/365 -> 0.0002739726 | E24: =E7*E15/365 -> 0.0002739726 | F24: =B24+C24+D24 -> 0.05506
A25: 0.1 | B25: =B8*B16/365 -> 0.039230822 | C25: =C8*C16/365 -> 0.078488767 | D25: =D8*D16/365 -> 0.0042739726 | E25: =E8*E16/365 -> 0.00065205479 | F25: =B25+C25+D25 -> 0.12199356
A26: 0.25 | B26: =B9*B17/365 -> 0.084575342 | C26: =C9*C17/365 -> 0.1305989 | D26: =D9*D17/365 -> 0.0076438356 | E26: =E9*E17/365 -> 0.0018410959 | F26: =B26+C26+D26 -> 0.22281808
A27: 0.5 | B27: =B10*B18/365 -> 0.24790959 | C27: =C10*C18/365 -> 0.3332537 | D27: =D10*D18/365 -> 0.029912329 | E27: =E10*E18/365 -> 0.0099369863 | F27: =B27+C27+D27 -> 0.61107562
A28: 1 | B28: =B11*B19/365 -> 0.3959589 | C28: =C11*C19/365 -> 0.65851589 | D28: =D11*D19/365 -> 0.059663014 | E28: =E11*E19/365 -> 0.013846575 | F28: =B28+C28+D28 -> 1.1141378

Sheet IND_HT
A1: ERA_ID | B1: IND_HT
A2: Descrizione Categoria | B2: "Industria alta tecnologia"
A5: Downtime days
A6: Loss Ratio (<of) | B6: Buildings | C6: Machinery | D6: Inventory | E6: Other
A7: 0.05 | B7: 33.2 | C7: 50.989 | D7: 23.3 | E7: 8 | Q7: DT | R7: RGP | S7: LP
A8: 0.1 | B8: 68 | C8: 85.949 | D8: 32.5 | E8: 19.5 | O8: Building | P8: 0.2 | Q8: 57 | R8: 0.1 | S8: =Q8*R8/365 -> 0.015616438
A9: 0.25 | B9: 97 | C9: 109.829 | D9: 91.9 | E9: 28.8 | O9: Machinery | P9: 0.3 | Q9: 212 | R9: 0.9 | S9: =Q9*R9/365 -> 0.52273973
A10: 0.5 | B10: 198 | C10: 227 | D10: 120.9 | E10: 42.4 | O10: Inventory | P10: 0.5 | Q10: 50 | R10: 0.05 | S10: =Q10*R10/365 -> 0.0068493151
A11: 1 | B11: 310.4 | C11: 335.891 | D11: 217.6 | E11: 51.1 | S11: =SUM(S8:S10) -> 0.54520548
A13: Reduction of GP
A14: Loss Ratio (<of) | B14: Buildings | C14: Machinery | D14: Inventory | E14: Other
A15: 0.05 | B15: 0.17546 | C15: 0.29508 | D15: 0.1 | E15: 0.05
A16: 0.1 | B16: 0.225 | C16: 0.34132 | D16: 0.19 | E16: 0.14 | M16: 10 | N16: 10 | O16: 5 | P16: 5
A17: 0.25 | B17: 0.2472 | C17: 0.67612 | D17: 0.26 | E17: 0.25
A18: 0.5 | B18: 0.2973 | C18: 0.92396 | D18: 0.34 | E18: 0.29 | M18: 30 | N18: 30 | O18: 10 | P18: 10
A19: 1 | B19: 0.35 | C19: 0.98092 | D19: 0.46 | E19: 0.3 | M19: 25 | N19: 25 | O19: 5 | P19: 5
M20: 20 | N20: 20 | O20: 5 | P20: 5
M21: 15 | N21: 15 | O21: 5 | P21: 5
M22: 5 | N22: 5 | O22: 0 | P22: 0
A24: 0.05 | B24: =B7*B15/365 -> 0.015959649 | C24: =C7*C15/365 -> 0.041221463 | D24: =D7*D15/365 -> 0.0063835616 | E24: =E7*E15/365 -> 0.0010958904 | F24: =B24+C24+D24 -> 0.063564674
A25: 0.1 | B25: =B8*B16/365 -> 0.041917808 | C25: =C8*C16/365 -> 0.080372911 | D25: =D8*D16/365 -> 0.016917808 | E25: =E8*E16/365 -> 0.0074794521 | F25: =B25+C25+D25 -> 0.13920853 | M25: 0.05 | N25: 0.05 | O25: 0.02 | P25: 0.02
A26: 0.25 | B26: =B9*B17/365 -> 0.065694247 | C26: =C9*C17/365 -> 0.20344543 | D26: =D9*D17/365 -> 0.065463014 | E26: =E9*E17/365 -> 0.019726027 | F26: =B26+C26+D26 -> 0.33460269 | M26: 0.04 | N26: 0.04 | O26: 0.02 | P26: 0.02
A27: 0.5 | B27: =B10*B18/365 -> 0.16127507 | C27: =C10*C18/365 -> 0.57462718 | D27: =D10*D18/365 -> 0.11261918 | E27: =E10*E18/365 -> 0.033687671 | F27: =B27+C27+D27 -> 0.84852142 | M27: 0.04 | N27: 0.04 | O27: 0.02 | P27: 0.02
A28: 1 | B28: =B11*B19/365 -> 0.29764384 | C28: =C11*C19/365 -> 0.90269096 | D28: =D11*D19/365 -> 0.27423562 | E28: =E11*E19/365 -> 0.042 | F28: =B28+C28+D28 -> 1.4745704 | M28: 0.02 | N28: 0.02 | O28: 0.02 | P28: 0.02
M29: 0.01 | N29: 0.01 | O29: 0.01 | P29: 0.01

Sheet COM_PD
A1: ERA_ID | B1: COM_PD
A2: Descrizione Categoria | B2: "Dettaglio-PiccolaDistr"
A5: Downtime days
A6: Loss Ratio (<of) | B6: Buildings | C6: Machinery | D6: Inventory | E6: Other
A7: 0.05 | B7: 49.7 | C7: 29.9 | D7: 18 | E7: 5
A8: 0.1 | B8: 63.5 | C8: 44.8 | D8: 34 | E8: 11.9
A9: 0.25 | B9: 88.2 | C9: 66.2 | D9: 45 | E9: 16.8
A10: 0.5 | B10: 220.7 | C10: 162.4 | D10: 71 | E10: 27.9
A11: 1 | B11: 307.5 | C11: 303.1 | D11: 94 | E11: 36.1
A13: Reduction of GP
A14: Loss Ratio (<of) | B14: Buildings | C14: Machinery | D14: Inventory | E14: Other
A15: 0.05 | B15: 0.27533333 | C15: 0.24166667 | D15: 0.2 | E15: 0.02
A16: 0.1 | B16: 0.297 | C16: 0.2925 | D16: 0.2875 | E16: 0.07
A17: 0.25 | B17: 0.35333333 | C17: 0.35666667 | D17: 0.355 | E17: 0.14
A18: 0.5 | B18: 0.45666667 | C18: 0.3675 | D18: 0.452 | E18: 0.18
A19: 1 | B19: 0.47 | C19: 0.3725 | D19: 0.523 | E19: 0.24
A24: 0.05 | B24: =B7*B15/365 -> 0.037490594 | C24: =C7*C15/365 -> 0.019796804 | D24: =D7*D15/365 -> 0.0098630137 | E24: =E7*E15/365 -> 0.0002739726 | F24: =B24+C24+D24 -> 0.067150411
A25: 0.1 | B25: =B8*B16/365 -> 0.051669863 | C25: =C8*C16/365 -> 0.03590137 | D25: =D8*D16/365 -> 0.026780822 | E25: =E8*E16/365 -> 0.0022821918 | F25: =B25+C25+D25 -> 0.11435205
A26: 0.25 | B26: =B9*B17/365 -> 0.085380822 | C26: =C9*C17/365 -> 0.064688584 | D26: =D9*D17/365 -> 0.043767123 | E26: =E9*E17/365 -> 0.0064438356 | F26: =B26+C26+D26 -> 0.19383653
A27: 0.5 | B27: =B10*B18/365 -> 0.27612694 | C27: =C10*C18/365 -> 0.16351233 | D27: =D10*D18/365 -> 0.087923288 | E27: =E10*E18/365 -> 0.013758904 | F27: =B27+C27+D27 -> 0.52756256
A28: 1 | B28: =B11*B19/365 -> 0.3959589 | C28: =C11*C19/365 -> 0.30932808 | D28: =D11*D19/365 -> 0.13469041 | E28: =E11*E19/365 -> 0.023736986 | F28: =B28+C28+D28 -> 0.8399774

Sheet COM_GD
A1: ERA_ID | B1: COM_GD
A2: Descrizione Categoria | B2: "Dettaglio-GrandeDistr"
A5: Downtime days
A6: Loss Ratio (<of) | B6: Buildings | C6: Machinery | D6: Inventory | E6: Other
A7: 0.05 | B7: 42.846154 | C7: 27.615385 | D7: 7.3076923 | E7: 5
A8: 0.1 | B8: 64.615385 | C8: 60.230769 | D8: 13.153846 | E8: 10.307692
A9: 0.25 | B9: 72.461538 | C9: 105.53846 | D9: 18.076923 | E9: 14.076923
A10: 0.5 | B10: 173.23077 | C10: 128.38462 | D10: 40.769231 | E10: 22.615385
A11: 1 | B11: 237.69231 | C11: 234.30769 | D11: 70.384615 | E11: 27.769231
A13: Reduction of GP
A14: Loss Ratio (<of) | B14: Buildings | C14: Machinery | D14: Inventory | E14: Other
A15: 0.05 | B15: 0.27533333 | C15: 0.29583333 | D15: 0.2 | E15: 0.02
A16: 0.1 | B16: 0.297 | C16: 0.36375 | D16: 0.28136364 | E16: 0.07
A17: 0.25 | B17: 0.35333333 | C17: 0.38833333 | D17: 0.34272727 | E17: 0.14
A18: 0.5 | B18: 0.44666667 | C18: 0.39125 | D18: 0.41272727 | E18: 0.18
A19: 1 | B19: 0.55 | C19: 0.40875 | D19: 0.47636364 | E19: 0.24
A24: 0.05 | B24: =B7*B15/365 -> 0.032320478 | C24: =C7*C15/365 -> 0.022382332 | D24: =D7*D15/365 -> 0.004004215 | E24: =E7*E15/365 -> 0.0002739726 | F24: =B24+C24+D24 -> 0.058707025
A25: 0.1 | B25: =B8*B16/365 -> 0.05257745 | C25: =C8*C16/365 -> 0.060024499 | D25: =D8*D16/365 -> 0.010139764 | E25: =E8*E16/365 -> 0.0019768177 | F25: =B25+C25+D25 -> 0.12274171
A26: 0.25 | B26: =B9*B17/365 -> 0.070145416 | C26: =C9*C17/365 -> 0.11228521 | D26: =D9*D17/365 -> 0.016973848 | E26: =E9*E17/365 -> 0.0053993678 | F26: =B26+C26+D26 -> 0.19940448
A27: 0.5 | B27: =B10*B18/365 -> 0.21199017 | C27: =C10*C18/365 -> 0.13761776 | D27: =D10*D18/365 -> 0.046100201 | E27: =E10*E18/365 -> 0.011152792 | F27: =B27+C27+D27 -> 0.39570812
A28: 1 | B28: =B11*B19/365 -> 0.35816649 | C28: =C11*C19/365 -> 0.26239252 | D28: =D11*D19/365 -> 0.091859374 | E28: =E11*E19/365 -> 0.01825922 | F28: =B28+C28+D28 -> 0.71241838

Sheet COM_IN
A1: ERA_ID | B1: COM_IN
A2: Descrizione Categoria | B2: "Ingrosso"
A5: Downtime days
A6: Loss Ratio (<of) | B6: Buildings | C6: Machinery | D6: Inventory | E6: Other
A7: 0.05 | B7: 39.866221 | C7: 26.622074 | D7: 7.006689 | E7: 5
A8: 0.1 | B8: 70.752508 | C8: 62.244147 | D8: 18.61204 | E8: 9.6153846
A9: 0.25 | B9: 93.290435 | C9: 80.90301 | D9: 22.023411 | E9: 12.892977
A10: 0.5 | B10: 152.59197 | C10: 113.59532 | D10: 36.103679 | E10: 20.317726
A11: 1 | B11: 207.34114 | C11: 204.39799 | D11: 61.204013 | E11: 24.147157
A13: Reduction of GP
A14: Loss Ratio (<of) | B14: Buildings | C14: Machinery | D14: Inventory | E14: Other
A15: 0.05 | B15: 0.17367601 | C15: 0.22568536 | D15: 0.2 | E15: 0.02
A16: 0.1 | B16: 0.19327103 | C16: 0.25565421 | D16: 0.27734919 | E16: 0.07
A17: 0.25 | B17: 0.245919 | C17: 0.36554517 | D17: 0.33469839 | E17: 0.14
A18: 0.5 | B18: 0.33838006 | C18: 0.39696262 | D18: 0.38703483 | E18: 0.18
A19: 1 | B19: 0.44084112 | C19: 0.48266355 | D19: 0.44585387 | E19: 0.24
A24: 0.05 | B24: =B7*B15/365 -> 0.018969332 | C24: =C7*C15/365 -> 0.016460855 | D24: =D7*D15/365 -> 0.0038392816 | E24: =E7*E15/365 -> 0.0002739726 | F24: =B24+C24+D24 -> 0.039269469
A25: 0.1 | B25: =B8*B16/365 -> 0.037464137 | C25: =C8*C16/365 -> 0.0435972 | D25: =D8*D16/365 -> 0.01414256 | E25: =E8*E16/365 -> 0.0018440464 | F25: =B25+C25+D25 -> 0.095203897
A26: 0.25 | B26: =B9*B17/365 -> 0.062854495 | C26: =C9*C17/365 -> 0.081023848 | D26: =D9*D17/365 -> 0.020195069 | E26: =E9*E17/365 -> 0.0049452513 | F26: =B26+C26+D26 -> 0.16407341
A27: 0.5 | B27: =B10*B18/365 -> 0.14146324 | C27: =C10*C18/365 -> 0.12354272 | D27: =D10*D18/365 -> 0.038283237 | E27: =E10*E18/365 -> 0.0100197 | F27: =B27+C27+D27 -> 0.3032892
A28: 1 | B28: =B11*B19/365 -> 0.25042329 | C28: =C11*C19/365 -> 0.27028894 | D28: =D11*D19/365 -> 0.07476177 | E28: =E11*E19/365 -> 0.015877583 | F28: =B28+C28+D28 -> 0.59547399

Sheet COM_OF
A1: ERA_ID | B1: COM_OF
A2: Descrizione Categoria | B2: "Uffici"
A5: Downtime days
A6: Loss Ratio (<of) | B6: Buildings | C6: Machinery | D6: Inventory | E6: Other
A7: 0.05 | B7: 39.866221 | C7: 26.622074 | D7: 7.006689 | E7: 7.4
A8: 0.1 | B8: 50.752508 | C8: 38.244147 | D8: 18.61204 | E8: 13.5
A9: 0.25 | B9: 93.290435 | C9: 50.90301 | D9: 22.023411 | E9: 14.34
A10: 0.5 | B10: 152.59197 | C10: 113.59532 | D10: 36.103679 | E10: 22.3
A11: 1 | B11: 207.34114 | C11: 204.39799 | D11: 61.204013 | E11: 25.9
A13: Reduction of GP
A14: Loss Ratio (<of) | B14: Buildings | C14: Machinery | D14: Inventory | E14: Other
A15: 0.05 | B15: 0.079121495 | C15: 0.089775256 | D15: 0.02 | E15: 0.02
A16: 0.1 | B16: 0.10552336 | C16: 0.12261015 | D16: 0.060963709 | E16: 0.07
A17: 0.25 | B17: 0.17028037 | C17: 0.27253227 | D17: 0.10192742 | E17: 0.14
A18: 0.5 | B18: 0.17560748 | C18: 0.28783044 | D18: 0.28216774 | E18: 0.18
A19: 1 | B19: 0.19093458 | C19: 0.29618825 | D19: 0.32132419 | E19: 0.24
A24: 0.05 | B24: =B7*B15/365 -> 0.0086418493 | C24: =C7*C15/365 -> 0.0065479547 | D24: =D7*D15/365 -> 0.00038392816 | E24: =E7*E15/365 -> 0.00040547945 | F24: =B24+C24+D24 -> 0.015573732
A25: 0.1 | B25: =B8*B16/365 -> 0.014672809 | C25: =C8*C16/365 -> 0.012846905 | D25: =D8*D16/365 -> 0.0031086548 | E25: =E8*E16/365 -> 0.0025890411 | F25: =B25+C25+D25 -> 0.03062837
A26: 0.25 | B26: =B9*B17/365 -> 0.043522 | C26: =C9*C17/365 -> 0.038007432 | D26: =D9*D17/365 -> 0.0061501081 | E26: =E9*E17/365 -> 0.005500274 | F26: =B26+C26+D26 -> 0.08767954
A27: 0.5 | B27: =B10*B18/365 -> 0.073414497 | C27: =C10*C18/365 -> 0.089578604 | D27: =D10*D18/365 -> 0.027910393 | E27: =E10*E18/365 -> 0.01099726 | F27: =B27+C27+D27 -> 0.19090349
A28: 1 | B28: =B11*B19/365 -> 0.1084619 | C28: =C11*C19/365 -> 0.16586379 | D28: =D11*D19/365 -> 0.053880356 | E28: =E11*E19/365 -> 0.017030137 | F28: =B28+C28+D28 -> 0.32820605

Sheet COM_RS
A1: ERA_ID | B1: COM_RS
A2: Descrizione Categoria | B2: "Ristorazione"
A5: Downtime days
A6: Loss Ratio (<of) | B6: Buildings | C6: Machinery | D6: Inventory | E6: Other
A7: 0.05 | B7: 49.7 | C7: 29.9 | D7: 8.9 | E7: 5
A8: 0.1 | B8: 63.5 | C8: 44.8 | D8: 12.02 | E8: 11.9
A9: 0.25 | B9: 88.2 | C9: 66.2 | D9: 18.65 | E9: 16.8
A10: 0.5 | B10: 186.41667 | C10: 137.83333 | D10: 55.375 | E10: 24.083333
A11: 1 | B11: 257.08333 | C11: 253.41667 | D11: 99.125 | E11: 30.083333
A13: Reduction of GP
A14: Loss Ratio (<of) | B14: Buildings | C14: Machinery | D14: Inventory | E14: Other
A15: 0.05 | B15: 0.16809524 | C15: 0.18869048 | D15: 0.15 | E15: 0.02
A16: 0.1 | B16: 0.18071429 | C16: 0.22035714 | D16: 0.28267857 | E16: 0.07
A17: 0.25 | B17: 0.22095238 | C17: 0.26619048 | D17: 0.34535714 | E17: 0.14
A18: 0.5 | B18: 0.31047619 | C18: 0.36107143 | D18: 0.42114286 | E18: 0.18
A19: 1 | B19: 0.35 | C19: 0.3725 | D19: 0.6769 | E19: 0.24
A24: 0.05 | B24: =B7*B15/365 -> 0.022888584 | C24: =C7*C15/365 -> 0.01545711 | D24: =D7*D15/365 -> 0.0036575342 | E24: =E7*E15/365 -> 0.0002739726 | F24: =B24+C24+D24 -> 0.042003229
A25: 0.1 | B25: =B8*B16/365 -> 0.031439335 | C25: =C8*C16/365 -> 0.027046575 | D25: =D8*D16/365 -> 0.0093090313 | E25: =E8*E16/365 -> 0.0022821918 | F25: =B25+C25+D25 -> 0.067794941
A26: 0.25 | B26: =B9*B17/365 -> 0.053391781 | C26: =C9*C17/365 -> 0.04827893 | D26: =D9*D17/365 -> 0.017646331 | E26: =E9*E17/365 -> 0.0064438356 | F26: =B26+C26+D26 -> 0.11931704
A27: 0.5 | B27: =B10*B18/365 -> 0.15856969 | C27: =C10*C18/365 -> 0.1363498 | D27: =D10*D18/365 -> 0.063892564 | E27: =E10*E18/365 -> 0.011876712 | F27: =B27+C27+D27 -> 0.35881206
A28: 1 | B28: =B11*B19/365 -> 0.24651826 | C28: =C11*C19/365 -> 0.25862386 | D28: =D11*D19/365 -> 0.18382935 | E28: =E11*E19/365 -> 0.019780822 | F28: =B28+C28+D28 -> 0.68897147

Sheet IND_MG
A1: ERA_ID | B1: IND_MG
A2: Descrizione Categoria | B2: "Magazzinaggio"
A5: Downtime days
A6: Loss Ratio (<of) | B6: Buildings | C6: Machinery | D6: Inventory | E6: Other
A7: 0.05 | B7: 32 | C7: 29.99 | D7: 21.636364 | E7: 7.7272727
A8: 0.1 | B8: 64.090909 | C8: 71.317273 | D8: 30 | E8: 18.181818
A9: 0.25 | B9: 72.090909 | C9: 74.39 | D9: 84 | E9: 26.636364
A10: 0.5 | B10: 258.63636 | C10: 163.74 | D10: 110.36364 | E10: 39
A11: 1 | B11: 282.63636 | C11: 255.81 | D11: 197.81818 | E11: 46.454545
A13: Reduction of GP
A14: Loss Ratio (<of) | B14: Buildings | C14: Machinery | D14: Inventory | E14: Other
A15: 0.05 | B15: 0.16958462 | C15: 0.2616 | D15: 0.116 | E15: 0.05
A16: 0.1 | B16: 0.225 | C16: 0.34132 | D16: 0.2852 | E16: 0.176
A17: 0.25 | B17: 0.3472 | C17: 0.67612 | D17: 0.3944 | E17: 0.319
A18: 0.5 | B18: 0.42967385 | C18: 0.69879631 | D18: 0.45008 | E18: 0.3224
A19: 1 | B19: 0.51676923 | C19: 0.74648492 | D19: 0.6148 | E19: 0.3348
A24: 0.05 | B24: =B7*B15/365 -> 0.014867692 | C24: =C7*C15/365 -> 0.021494203 | D24: =D7*D15/365 -> 0.0068762142 | E24: =E7*E15/365 -> 0.0010585305 | F24: =B24+C24+D24 -> 0.043238109
A25: 0.1 | B25: =B8*B16/365 -> 0.039508095 | C25: =C8*C16/365 -> 0.066690443 | D25: =D8*D16/365 -> 0.023441096 | E25: =E8*E16/365 -> 0.0087671233 | F25: =B25+C25+D25 -> 0.12963963
A26: 0.25 | B26: =B9*B17/365 -> 0.068575243 | C26: =C9*C17/365 -> 0.13779881 | D26: =D9*D17/365 -> 0.090766027 | E26: =E9*E17/365 -> 0.023279452 | F26: =B26+C26+D26 -> 0.29714008
A27: 0.5 | B27: =B10*B18/365 -> 0.30446378 | C27: =C10*C18/365 -> 0.31348194 | D27: =D10*D18/365 -> 0.13608895 | E27: =E10*E18/365 -> 0.034448219 | F27: =B27+C27+D27 -> 0.75403467
A28: 1 | B28: =B11*B19/365 -> 0.40015829 | C28: =C11*C19/365 -> 0.52317345 | D28: =D11*D19/365 -> 0.33320169 | E28: =E11*E19/365 -> 0.042610909 | F28: =B28+C28+D28 -> 1.2565334

Sheet ATT_IM
A1: ERA_ID | B1: Att-Imm
A2: Descrizione Categoria | B2: "Attività immobiliari"
A5: Downtime days
A6: Loss Ratio (<of) | B6: Buildings | C6: Machinery | D6: Inventory | E6: Other
A7: 0.05 | B7: 57.8 | C7: 29.17 | D7: =((AVERAGE(IND_HV!D7,IND_LG!D7,IND_HT!D7))+10)-5 -> 16.1 | E7: =((AVERAGE(IND_HV!E7,IND_LG!E7,IND_HT!E7))+10)-5 -> 11
A8: 0.1 | B8: 80.3 | C8: 56.05 | D8: =(AVERAGE(IND_HV!D8,IND_LG!D8,IND_HT!D8))+12 -> 27.966667 | E8: =(AVERAGE(IND_HV!E8,IND_LG!E8,IND_HT!E8))+11 -> 23.133333
A9: 0.25 | B9: 102.1 | C9: 97.45 | D9: =(AVERAGE(IND_HV!D9,IND_LG!D9,IND_HT!D9))+5 -> 44.866667 | E9: =(AVERAGE(IND_HV!E9,IND_LG!E9,IND_HT!E9))+5 -> 23.733333
A10: 0.5 | B10: 202.4 | C10: 150.55 | D10: =(AVERAGE(IND_HV!D10,IND_LG!D10,IND_HT!D10))+5 -> 74.7 | E10: =(AVERAGE(IND_HV!E10,IND_LG!E10,IND_HT!E10))+5 -> 33.933333
A11: 1 | B11: 280 | C11: 187.75 | D11: =(AVERAGE(IND_HV!D11,IND_LG!D11,IND_HT!D11))+0 -> 123.46667 | E11: =(AVERAGE(IND_HV!E11,IND_LG!E11,IND_HT!E11))+0 -> 36.6
A13: Reduction of GP
A14: Loss Ratio (<of) | B14: Buildings | C14: Machinery | D14: Inventory | E14: Other
A15: 0.05 | B15: 0.27 | C15: 0.12 | D15: =(AVERAGE(IND_HV!D15,IND_LG!D15,IND_HT!D15))+0.02 -> 0.066666667 | E15: =(AVERAGE(IND_HV!E15,IND_LG!E15,IND_HT!E15))+0.02 -> 0.05
A16: 0.1 | B16: 0.34 | C16: 0.18 | D16: =(AVERAGE(IND_HV!D16,IND_LG!D16,IND_HT!D16))+0.02 -> 0.14 | E16: =(AVERAGE(IND_HV!E16,IND_LG!E16,IND_HT!E16))+0.02 -> 0.08
A17: 0.25 | B17: 0.43 | C17: 0.268 | D17: =(AVERAGE(IND_HV!D17,IND_LG!D17,IND_HT!D17))+0.02 -> 0.19 | E17: =(AVERAGE(IND_HV!E17,IND_LG!E17,IND_HT!E17))+0.02 -> 0.13
A18: 0.5 | B18: 0.5 | C18: 0.344 | D18: =(AVERAGE(IND_HV!D18,IND_LG!D18,IND_HT!D18))+0.02 -> 0.264 | E18: =(AVERAGE(IND_HV!E18,IND_LG!E18,IND_HT!E18))+0.02 -> 0.20333333
A19: 1 | B19: 0.64 | C19: 0.358 | D19: =(AVERAGE(IND_HV!D19,IND_LG!D19,IND_HT!D19))+0.01 -> 0.30933333 | E19: =(AVERAGE(IND_HV!E19,IND_LG!E19,IND_HT!E19))+0.01 -> 0.20333333
A24: 0.05 | B24: =B7*B15/365 -> 0.042756164 | C24: =C7*C15/365 -> 0.009590137 | D24: =D7*D15/365 -> 0.0029406393 | E24: =E7*E15/365 -> 0.0015068493 | F24: =B24+C24+D24 -> 0.055286941
A25: 0.1 | B25: =B8*B16/365 -> 0.0748 | C25: =C8*C16/365 -> 0.027641096 | D25: =D8*D16/365 -> 0.010726941 | E25: =E8*E16/365 -> 0.0050703196 | F25: =B25+C25+D25 -> 0.11316804
A26: 0.25 | B26: =B9*B17/365 -> 0.12028219 | C26: =C9*C17/365 -> 0.071552329 | D26: =D9*D17/365 -> 0.023355251 | E26: =E9*E17/365 -> 0.008452968 | F26: =B26+C26+D26 -> 0.21518977
A27: 0.5 | B27: =B10*B18/365 -> 0.27726027 | C27: =C10*C18/365 -> 0.14188822 | D27: =D10*D18/365 -> 0.054029589 | E27: =E10*E18/365 -> 0.018903501 | F27: =B27+C27+D27 -> 0.47317808
A28: 1 | B28: =B11*B19/365 -> 0.4909589 | C28: =C11*C19/365 -> 0.18414932 | D28: =D11*D19/365 -> 0.10463659 | E28: =E11*E19/365 -> 0.020389041 | F28: =B28+C28+D28 -> 0.77974481

Sheet IND_TR
A1: ERA_ID | B1: IND_TR
A2: Descrizione Categoria | B2: "Trasporto"
A5: Downtime days
A6: Loss Ratio (<of) | B6: Buildings | C6: Machinery | D6: Inventory | E6: Other
A7: 0.05 | B7: 39.857143 | C7: 33.1 | D7: -5 | E7: -5
A8: 0.1 | B8: 60.214286 | C8: 55.071429 | D8: 0 | E8: 0
A9: 0.25 | B9: 74.357143 | C9: 116.35714 | D9: 10.142857 | E9: 10
A10: 0.5 | B10: 148.85714 | C10: 208.64286 | D10: 27.642857 | E10: 13.214286
A11: 1 | B11: 201.42857 | C11: 266.07143 | D11: 43.785714 | E11: 16.142857
A13: Reduction of GP
A14: Loss Ratio (<of) | B14: Buildings | C14: Machinery | D14: Inventory | E14: Other
A15: 0.05 | B15: 0.22105263 | C15: 0.38947368 | D15: 0.02 | E15: 0.02
A16: 0.1 | B16: 0.28736842 | C16: 0.39473684 | D16: 0.02 | E16: 0.02
A17: 0.25 | B17: 0.30842105 | C17: 0.43 | D17: 0.046315789 | E17: 0.030526316
A18: 0.5 | B18: 0.40421053 | C18: 0.57421053 | D18: 0.10421053 | E18: 0.077894737
A19: 1 | B19: 0.42052632 | C19: 0.60526316 | D19: 0.11 | E19: 0.078421053
A24: 0.05 | B24: =B7*B15/365 -> 0.024138428 | C24: =C7*C15/365 -> 0.035319394 | D24: =D7*D15/365 -> -0.0002739726 | E24: =E7*E15/365 -> -0.0002739726 | F24: =B24+C24+D24 -> 0.05918385
A25: 0.1 | B25: =B8*B16/365 -> 0.047407354 | C25: =C8*C16/365 -> 0.059558142 | D25: =D8*D16/365 -> 0 | E25: =E8*E16/365 -> 0 | F25: =B25+C25+D25 -> 0.1069655
A26: 0.25 | B26: =B9*B17/365 -> 0.062830982 | C26: =C9*C17/365 -> 0.13707828 | D26: =D9*D17/365 -> 0.0012870532 | E26: =E9*E17/365 -> 0.00083633742 | F26: =B26+C26+D26 -> 0.20119631
A27: 0.5 | B27: =B10*B18/365 -> 0.16484829 | C27: =C10*C18/365 -> 0.32823267 | D27: =D10*D18/365 -> 0.0078922649 | E27: =E10*E18/365 -> 0.0028200639 | F27: =B27+C27+D27 -> 0.50097322
A28: 1 | B28: =B11*B19/365 -> 0.23207127 | C28: =C11*C19/365 -> 0.44121434 | D28: =D11*D19/365 -> 0.013195695 | E28: =E11*E19/365 -> 0.0034683284 | F28: =B28+C28+D28 -> 0.68648131

Sheet IND_CS
A1: ERA_ID | B1: IND_CS
A2: Descrizione Categoria | B2: "Costruzioni"
A5: Downtime days
A6: Loss Ratio (<of) | B6: Buildings | C6: Machinery | D6: Inventory | E6: Other
A7: 0.05 | B7: 39.038462 | C7: 28.25 | D7: 0 | E7: 0
A8: 0.1 | B8: 49.679487 | C8: 41.5 | D8: 9.5 | E8: 10.75
A9: 0.25 | B9: 63.717949 | C9: 58.5 | D9: 13.75 | E9: 14.833333
A10: 0.5 | B10: 146.85897 | C10: 137.83333 | D10: 43.75 | E10: 24.083333
A11: 1 | B11: 171.20879 | C11: 217.92857 | D11: 65.357143 | E11: 25.785714
A13: Reduction of GP
A14: Loss Ratio (<of) | B14: Buildings | C14: Machinery | D14: Inventory | E14: Other
A15: 0.05 | B15: 0.20383333 | C15: 0.2475 | D15: 0.12 | E15: 0.02
A16: 0.1 | B16: 0.261125 | C16: 0.3425 | D16: 0.145 | E16: 0.05
A17: 0.25 | B17: 0.36666667 | C17: 0.4675 | D17: 0.17 | E17: 0.09
A18: 0.5 | B18: 0.38916667 | C18: 0.6275 | D18: 0.28 | E18: 0.31
A19: 1 | B19: 0.39758333 | C19: 0.6625 | D19: 0.4 | E19: 0.31
A24: 0.05 | B24: =B7*B15/365 -> 0.021800931 | C24: =C7*C15/365 -> 0.019155822 | D24: =D7*D15/365 -> 0 | E24: =E7*E15/365 -> 0 | F24: =B24+C24+D24 -> 0.040956753
A25: 0.1 | B25: =B8*B16/365 -> 0.03554125 | C25: =C8*C16/365 -> 0.038941781 | D25: =D8*D16/365 -> 0.0037739726 | E25: =E8*E16/365 -> 0.0014726027 | F25: =B25+C25+D25 -> 0.078257003
A26: 0.25 | B26: =B9*B17/365 -> 0.064008898 | C26: =C9*C17/365 -> 0.074928082 | D26: =D9*D17/365 -> 0.0064041096 | E26: =E9*E17/365 -> 0.0036575342 | F26: =B26+C26+D26 -> 0.14534109
A27: 0.5 | B27: =B10*B18/365 -> 0.15658251 | C27: =C10*C18/365 -> 0.23696005 | D27: =D10*D18/365 -> 0.033561644 | E27: =E10*E18/365 -> 0.020454338 | F27: =B27+C27+D27 -> 0.4271042
A28: 1 | B28: =B11*B19/365 -> 0.1864925 | C28: =C11*C19/365 -> 0.39555528 | D28: =D11*D19/365 -> 0.071624266 | E28: =E11*E19/365 -> 0.021900196 | F28: =B28+C28+D28 -> 0.65367205

Sheet RES_HT
A1: ERA_ID | B1: RES_HT
A2: Descrizione Categoria | B2: "Hotels"
A5: Downtime days
A6: Loss Ratio (<of) | B6: Buildings | C6: Machinery | D6: Inventory | E6: Other
A7: 0.05 | B7: 72.846154 | C7: 56.6 | D7: 0 | E7: 0
A8: 0.1 | B8: 94.615385 | C8: 78.2 | D8: 10.535 | E8: 10.75
A9: 0.25 | B9: 102.46154 | C9: 90.8 | D9: 15.7625 | E9: 14.833333
A10: 0.5 | B10: 193.23077 | C10: 113.26667 | D10: 52.6625 | E10: 24.083333
A11: 1 | B11: 204.45055 | C11: 175.34286 | D11: 80.389286 | E11: 25.785714
A13: Reduction of GP
A14: Loss Ratio (<of) | B14: Buildings | C14: Machinery | D14: Inventory | E14: Other
A15: 0.05 | B15: 0.40383333 | C15: 0.2085 | D15: 0.02 | E15: 0.02
A16: 0.1 | B16: 0.461125 | C16: 0.2615 | D16: 0.15 | E16: 0.18
A17: 0.25 | B17: 0.46666667 | C17: 0.3965 | D17: 0.18 | E17: 0.36666667
A18: 0.5 | B18: 0.48916667 | C18: 0.4845 | D18: 0.212 | E18: 0.41166667
A19: 1 | B19: 0.59758333 | C19: 0.5015 | D19: 0.238 | E19: 0.51833333
A24: 0.05 | B24: =B7*B15/365 -> 0.080596452 | C24: =C7*C15/365 -> 0.032331781 | D24: =D7*D15/365 -> 0 | E24: =E7*E15/365 -> 0 | F24: =B24+C24+D24 -> 0.11292823
A25: 0.1 | B25: =B8*B16/365 -> 0.11953293 | C25: =C8*C16/365 -> 0.056025479 | D25: =D8*D16/365 -> 0.0043294521 | E25: =E8*E16/365 -> 0.0053013699 | F25: =B25+C25+D25 -> 0.17988786
A26: 0.25 | B26: =B9*B17/365 -> 0.13100105 | C26: =C9*C17/365 -> 0.098636164 | D26: =D9*D17/365 -> 0.0077732877 | E26: =E9*E17/365 -> 0.014901066 | F26: =B26+C26+D26 -> 0.23741051
A27: 0.5 | B27: =B10*B18/365 -> 0.25896452 | C27: =C10*C18/365 -> 0.15034986 | D27: =D10*D18/365 -> 0.030587534 | E27: =E10*E18/365 -> 0.027162481 | F27: =B27+C27+D27 -> 0.43990192
A28: 1 | B28: =B11*B19/365 -> 0.33472943 | C28: =C11*C19/365 -> 0.24091628 | D28: =D11*D19/365 -> 0.052418219 | E28: =E11*E19/365 -> 0.036618069 | F28: =B28+C28+D28 -> 0.62806393

Sheet AGR_00
A1: ERA_ID | B1: AGR_00
A2: Descrizione Categoria | B2: "Aziende Agricole"
A5: Downtime days
A6: Loss Ratio (<of) | B6: Buildings | C6: Machinery | D6: Inventory | E6: Other
A7: 0.05 | B7: 42.601626 | C7: 27.455285 | D7: =(((AVERAGE(IND_HV!D7,IND_LG!D7,IND_HT!D7))/1.23)+10)-5 -> 14.02439 | E7: =((((AVERAGE(IND_HV!E7,IND_LG!E7,IND_HT!E7))*5)/1.23)+10)-5 -> 29.390244
A8: 0.1 | B8: 53.699187 | C8: 52.113821 | D8: =((AVERAGE(IND_HV!D8,IND_LG!D8,IND_HT!D8))/1.23)+5+4+5 -> 26.98103 | E8: =(((AVERAGE(IND_HV!E8,IND_LG!E8,IND_HT!E8))*5)/1.23)+5+3 -> 57.322493
A9: 0.25 | B9: 70.487805 | C9: 74.837398 | D9: =((AVERAGE(IND_HV!D9,IND_LG!D9,IND_HT!D9))/1.23)+5 -> 37.411924 | E9: =(((AVERAGE(IND_HV!E9,IND_LG!E9,IND_HT!E9))*5)/1.23)+5 -> 81.151762
A10: 0.5 | B10: 167.35772 | C10: 125.20325 | D10: =((AVERAGE(IND_HV!D10,IND_LG!D10,IND_HT!D10))/1.23)+5 -> 61.666667 | E10: =(((AVERAGE(IND_HV!E10,IND_LG!E10,IND_HT!E10))*5)/1.23)+5 -> 122.61518
A11: 1 | B11: 228.57724 | C11: 153.57724 | D11: =((AVERAGE(IND_HV!D11,IND_LG!D11,IND_HT!D11))/1.23)+0 -> 100.3794 | E11: =(((AVERAGE(IND_HV!E11,IND_LG!E11,IND_HT!E11))*5)/1.23)+0 -> 148.78049
A13: Reduction of GP
A14: Loss Ratio (<of) | B14: Buildings | C14: Machinery | D14: Inventory | E14: Other
A15: 0.05 | B15: 0.19152249 | C15: 0.25824 | D15: 0.29 | E15: 0.1
A16: 0.1 | B16: 0.23342561 | C16: 0.36096 | D16: 0.36 | E16: 0.15
A17: 0.25 | B17: 0.2749481 | C17: 0.39536 | D17: 0.49 | E17: 0.17
A18: 0.5 | B18: 0.38608997 | C18: 0.48288 | D18: 0.53 | E18: 0.22
A19: 1 | B19: 0.42799308 | C19: 0.49976 | D19: 0.65 | E19: 0.25
A24: 0.05 | B24: =B7*B15/365 -> 0.022353889 | C24: =C7*C15/365 -> 0.019424802 | D24: =D7*D15/365 -> 0.011142666 | E24: =E7*E15/365 -> 0.0080521216 | F24: =B24+C24+D24 -> 0.052921357
A25: 0.1 | B25: =B8*B16/365 -> 0.034341823 | C25: =C8*C16/365 -> 0.051537 | D25: =D8*D16/365 -> 0.026611427 | E25: =E8*E16/365 -> 0.023557189 | F25: =B25+C25+D25 -> 0.11249025
A26: 0.25 | B26: =B9*B17/365 -> 0.053097227 | C26: =C9*C17/365 -> 0.08106223 | D26: =D9*D17/365 -> 0.050224227 | E26: =E9*E17/365 -> 0.037796711 | F26: =B26+C26+D26 -> 0.18438368
A27: 0.5 | B27: =B10*B18/365 -> 0.17702777 | C27: =C10*C18/365 -> 0.16563876 | D27: =D10*D18/365 -> 0.089543379 | E27: =E10*E18/365 -> 0.073905038 | F27: =B27+C27+D27 -> 0.43220991
A28: 1 | B28: =B11*B19/365 -> 0.26802596 | C28: =C11*C19/365 -> 0.21027879 | D28: =D11*D19/365 -> 0.17875784 | E28: =E11*E19/365 -> 0.10190444 | F28: =B28+C28+D28 -> 0.65706259
